{
    "description": "x64 UEFI for x86_64, with Secure Boot and SMM",
    "interface-types": [
        "uefi"
    ],
    "mapping": {
        "device": "flash",
        "executable": {
            "filename": "/usr/share/edk2/x64/OVMF_CODE.secure.fd",
            "format": "raw"
        },
        "nvram-template": {
            "filename": "/usr/share/edk2/x64/OVMF_VARS.fd",
            "format": "raw"
        }
    },
    "targets": [
        {
            "architecture": "x86_64",
            "machines": [
                "pc-q35-*"
            ]
        }
    ],
    "features": [
        "acpi-s3",
        "acpi-s4",
        "amd-sev",
        "requires-smm",
        "secure-boot",
        "verbose-dynamic"
    ],
    "tags": [

    ]
}
