{
    "description": "IA32 UEFI for i386, 4MB FD",
    "interface-types": [
        "uefi"
    ],
    "mapping": {
        "device": "flash",
        "executable": {
            "filename": "/usr/share/edk2/ia32/OVMF_CODE.4m.fd",
            "format": "raw"
        },
        "nvram-template": {
            "filename": "/usr/share/edk2/ia32/OVMF_VARS.4m.fd",
            "format": "raw"
        }
    },
    "targets": [
        {
            "architecture": "i386",
            "machines": [
                "pc-i440fx-*",
                "pc-q35-*"
            ]
        }
    ],
    "features": [
        "acpi-s3",
        "acpi-s4",
        "verbose-dynamic"
    ],
    "tags": [

    ]
}
