{
    "builtin": [
        {
            "package": "rts",
            "version": "1.0.2"
        },
        {
            "package": "ghc-prim",
            "version": "0.11.0"
        },
        {
            "package": "ghc-bignum",
            "version": "1.3"
        },
        {
            "package": "base",
            "version": "4.19.2.0"
        },
        {
            "package": "array",
            "version": "0.5.8.0"
        },
        {
            "package": "deepseq",
            "version": "1.5.1.0"
        },
        {
            "package": "ghc-boot-th",
            "version": "9.8.4"
        },
        {
            "package": "pretty",
            "version": "1.1.3.6"
        },
        {
            "package": "template-haskell",
            "version": "2.21.0.0"
        },
        {
            "package": "bytestring",
            "version": "0.12.1.0"
        },
        {
            "package": "containers",
            "version": "0.6.8"
        },
        {
            "package": "binary",
            "version": "0.8.9.1"
        },
        {
            "package": "transformers",
            "version": "0.6.1.0"
        },
        {
            "package": "mtl",
            "version": "2.3.1"
        },
        {
            "package": "stm",
            "version": "2.5.3.1"
        },
        {
            "package": "exceptions",
            "version": "0.10.7"
        },
        {
            "package": "filepath",
            "version": "1.4.301.0"
        },
        {
            "package": "time",
            "version": "1.12.2"
        },
        {
            "package": "unix",
            "version": "2.8.6.0"
        },
        {
            "package": "directory",
            "version": "1.3.8.5"
        },
        {
            "package": "text",
            "version": "2.1.1"
        },
        {
            "package": "parsec",
            "version": "3.1.17.0"
        },
        {
            "package": "Cabal-syntax",
            "version": "3.10.3.0"
        },
        {
            "package": "process",
            "version": "1.6.25.0"
        },
        {
            "package": "Cabal",
            "version": "3.10.3.0"
        }
    ],
    "dependencies": [
        {
            "cabal_sha256": "a694e88f9ec9fc79f0b03f233d3fea592b68f70a34aac2ddb5bcaecb6562e2fd",
            "flags": [],
            "package": "base16-bytestring",
            "revision": 1,
            "source": "hackage",
            "src_sha256": "1d5a91143ef0e22157536093ec8e59d226a68220ec89378d5dcaeea86472c784",
            "version": "1.0.2.0"
        },
        {
            "cabal_sha256": "b938655b00cf204ce69abfff946021bed111d2609a9f7a9c22e28a1a202e9115",
            "flags": [
                "-llvm"
            ],
            "package": "clock",
            "revision": 0,
            "source": "hackage",
            "src_sha256": "6ae9898afe788a5e334cd5fad5d18a3c2e8e59fa09aaf7b957dbb38a4767df2e",
            "version": "0.8.4"
        },
        {
            "cabal_sha256": "0e9de2ccce261e7a5b027e842f6f47f50eb0e6059a0de98a5479f75aa8164107",
            "flags": [
                "-exe",
                "+use-cbits"
            ],
            "package": "cryptohash-sha256",
            "revision": 6,
            "source": "hackage",
            "src_sha256": "73a7dc7163871a80837495039a099967b11f5c4fe70a118277842f7a713c6bf6",
            "version": "0.11.102.1"
        },
        {
            "cabal_sha256": "57d9200fbea2e88e05e0be35925511764827b1c86d3214106b0b610f331fc40c",
            "flags": [],
            "package": "extra",
            "revision": 0,
            "source": "hackage",
            "src_sha256": "2fa4ce5eae50560bba80f1883913cf2ed52b3d87fd290dae27d838c94f5389a1",
            "version": "1.8"
        },
        {
            "cabal_sha256": "372c1733d83b90045eb29da9f010fed79bfef8771ce65eb126a1d83ecc54a9a2",
            "flags": [],
            "package": "filepattern",
            "revision": 0,
            "source": "hackage",
            "src_sha256": "cc445d439ea2f65cac7604d3578aa2c3a62e5a91dc989f4ce5b3390db9e59636",
            "version": "0.1.3"
        },
        {
            "cabal_sha256": "2efc549644dd418bad537d1601fdd437c440d807265016bd993b6996c679ad2f",
            "flags": [],
            "package": "os-string",
            "revision": 0,
            "source": "hackage",
            "src_sha256": "339c35fd3a290522f23de4e33528423cfd0b0a8f22946b0b9816a817b926cba0",
            "version": "2.0.7"
        },
        {
            "cabal_sha256": "2f23146cbe0325029927b221647695a4c7d6e97548ff731110979e34361f58ef",
            "flags": [
                "-arch-native",
                "-random-initial-seed"
            ],
            "package": "hashable",
            "revision": 1,
            "source": "hackage",
            "src_sha256": "e58b3a8e18da5f6cd7e937e5fd683e500bb1f8276b3768269759119ca0cddb6a",
            "version": "1.5.0.0"
        },
        {
            "cabal_sha256": "74ce60a23b8ef247b8bca71eeb38289e82b3b5e83b2383600b2c838a68218068",
            "flags": [],
            "package": "heaps",
            "revision": 0,
            "source": "hackage",
            "src_sha256": "8763a4663a2d0b3c912400a547d66ae11b46a954403b6747272148e950aa0382",
            "version": "0.4.1"
        },
        {
            "cabal_sha256": "f75cb4fa53c88c65794becdd48eb0d3b2b8abd89a3d5c19e87af91f5225c15e4",
            "flags": [],
            "package": "js-dgtable",
            "revision": 0,
            "source": "hackage",
            "src_sha256": "e28dd65bee8083b17210134e22e01c6349dc33c3b7bd17705973cd014e9f20ac",
            "version": "0.5.2"
        },
        {
            "cabal_sha256": "4c1c447a9a2fba0adba6d30678302a30c32b9dfde9e7aa9e9156483e1545096d",
            "flags": [],
            "package": "js-flot",
            "revision": 0,
            "source": "hackage",
            "src_sha256": "1ba2f2a6b8d85da76c41f526c98903cbb107f8642e506c072c1e7e3c20fe5e7a",
            "version": "0.8.3"
        },
        {
            "cabal_sha256": "fdbdfd4d413848c678a3737f2b985a5db66b796c6847b1ae08246ea3795c0ba2",
            "flags": [],
            "package": "js-jquery",
            "revision": 0,
            "source": "hackage",
            "src_sha256": "a087fa01a1c52f5386d43f5355f64841c5a4b56b53720090d66b5aa00bfeb106",
            "version": "3.7.1"
        },
        {
            "cabal_sha256": "dfdd6572944c11e69208237dd32a2eb9d975b4f4e9064a7b8dc952cb0e256846",
            "flags": [],
            "package": "primitive",
            "revision": 0,
            "source": "hackage",
            "src_sha256": "44b4de41813c7bc5db8a57f87c3612a069b65086946268ba165097252ebd3d76",
            "version": "0.9.1.0"
        },
        {
            "cabal_sha256": "8f92088f1c51c8d4569279a07565f8aa6b534a6735615b2295d2961dec8f1783",
            "flags": [
                "-optimised-mixer"
            ],
            "package": "splitmix",
            "revision": 0,
            "source": "hackage",
            "src_sha256": "d678c41a603a62032cf7e5f8336bb8222c93990e4b59c8b291b7ca26c7eb12c7",
            "version": "0.1.1"
        },
        {
            "cabal_sha256": "0b4f649c3e78713b2ccad1535251ee34b148237fb2229d7058c2b1d9ccc324b8",
            "flags": [],
            "package": "random",
            "revision": 0,
            "source": "hackage",
            "src_sha256": "d840ac83f265b0cfa2a678f8ec78627eb50cf9be2f067c52c8a4239c29b71a35",
            "version": "1.3.1"
        },
        {
            "cabal_sha256": "233cbcdda6c2698932bb391ce0935fb44f80c115621ee815a21ed33ac8ede422",
            "flags": [
                "-debug"
            ],
            "package": "unordered-containers",
            "revision": 4,
            "source": "hackage",
            "src_sha256": "d9cfb287cf00592d39dc9c3cac8b99627ea08f2c01798e70130fc39f7c90f11d",
            "version": "0.2.20"
        },
        {
            "cabal_sha256": "79416292186feeaf1f60e49ac5a1ffae9bf1b120e040a74bf0e81ca7f1d31d3f",
            "flags": [],
            "package": "utf8-string",
            "revision": 0,
            "source": "hackage",
            "src_sha256": "ee48deada7600370728c4156cb002441de770d0121ae33a68139a9ed9c19b09a",
            "version": "1.0.2"
        },
        {
            "cabal_sha256": "03c8f06de478e07ad6fde95984c9206920106d0d8432ecb7ab825ef108d45382",
            "flags": [
                "-cloud",
                "-embed-files",
                "-portable",
                "+threaded"
            ],
            "package": "shake",
            "revision": 0,
            "source": "hackage",
            "src_sha256": "6384e33a26a2590bf33719e88881076b899ac4b5340c1c9271e4caa37e9d6535",
            "version": "0.19.8"
        },
        {
            "cabal_sha256": null,
            "flags": [
                "-selftest",
                "+threaded"
            ],
            "package": "hadrian",
            "revision": null,
            "source": "local",
            "src_sha256": null,
            "version": "0.1.0.0"
        }
    ]
}
