{
  "sage.algebras.commutative_dga": {"walltime": 16},
  "sage.algebras.fusion_rings.f_matrix": {"walltime": 16},
  "sage.algebras.fusion_rings.fusion_ring": {"walltime": 16},
  "sage.algebras.hecke_algebras.cubic_hecke_algebra": {"walltime": 8},
  "sage.algebras.lie_conformal_algebras.n2_lie_conformal_algebra": {"walltime": 8},
  "sage.algebras.quantum_clifford": {"walltime": 8},
  "sage.algebras.steenrod.steenrod_algebra": {"walltime": 8},
  "sage.calculus.calculus": {"walltime": 16},
  "sage.calculus.desolvers": {"walltime": 8},
  "sage.calculus.riemann": {"walltime": 8},
  "sage.calculus.transforms.fft": {"walltime": 8},
  "sage.categories.coxeter_groups": {"walltime": 8},
  "sage.categories.finite_monoids": {"walltime": 8},
  "sage.categories.loop_crystals": {"walltime": 8},
  "sage.coding.ag_code": {"walltime": 32},
  "sage.coding.ag_code_decoders": {"walltime": 32},
  "sage.coding.linear_code": {"walltime": 32},
  "sage.combinat.designs.database": {"walltime": 8},
  "sage.combinat.designs.difference_family": {"walltime": 8},
  "sage.combinat.designs.orthogonal_arrays_build_recursive": {"walltime": 8},
  "sage.combinat.k_regular_sequence": {"walltime": 8},
  "sage.combinat.k_tableau": {"walltime": 16},
  "sage.combinat.matrices.hadamard_matrix": {"walltime": 8},
  "sage.combinat.multiset_partition_into_sets_ordered": {"walltime": 8},
  "sage.combinat.ncsf_qsym.ncsf": {"walltime": 8},
  "sage.combinat.ncsf_qsym.qsym": {"walltime": 8},
  "sage.combinat.partition": {"walltime": 8},
  "sage.combinat.partition_tuple": {"walltime": 8},
  "sage.combinat.permutation": {"walltime": 8},
  "sage.combinat.posets.posets": {"walltime": 8},
  "sage.combinat.rigged_configurations.kr_tableaux": {"walltime": 8},
  "sage.combinat.root_system.associahedron": {"walltime": 8},
  "sage.combinat.root_system.non_symmetric_macdonald_polynomials": {"walltime": 8},
  "sage.combinat.root_system.plot": {"walltime": 16},
  "sage.combinat.root_system.root_lattice_realizations": {"walltime": 8},
  "sage.combinat.rsk": {"walltime": 8},
  "sage.combinat.sf.k_dual": {"walltime": 8},
  "sage.combinat.sf.sf": {"walltime": 8},
  "sage.combinat.sf.sfa": {"walltime": 8},
  "sage.combinat.shifted_primed_tableau": {"walltime": 8},
  "sage.combinat.skew_tableau": {"walltime": 8},
  "sage.combinat.species.generating_series": {"walltime": 8},
  "sage.combinat.tableau": {"walltime": 8},
  "sage.combinat.tableau_tuple": {"walltime": 8},
  "sage.combinat.tiling": {"walltime": 8},
  "sage.combinat.tutorial": {"walltime": 8},
  "sage.crypto.sboxes": {"walltime": 8},
  "sage.doctest.forker": {"walltime": 16},
  "sage.dynamics.arithmetic_dynamics.projective_ds": {"walltime": 32},
  "sage.dynamics.cellular_automata.solitons": {"walltime": 8},
  "sage.functions.bessel": {"walltime": 16},
  "sage.functions.hypergeometric": {"walltime": 8},
  "sage.functions.orthogonal_polys": {"walltime": 8},
  "sage.functions.other": {"walltime": 16},
  "sage.functions.piecewise": {"walltime": 8},
  "sage.geometry.hyperbolic_space.hyperbolic_geodesic": {"walltime": 8},
  "sage.geometry.hyperplane_arrangement.arrangement": {"walltime": 8},
  "sage.geometry.hyperplane_arrangement.plot": {"walltime": 8},
  "sage.geometry.polyhedron.base": {"walltime": 8},
  "sage.geometry.polyhedron.base5": {"walltime": 8},
  "sage.geometry.polyhedron.base6": {"walltime": 16},
  "sage.geometry.polyhedron.library": {"walltime": 16},
  "sage.geometry.riemannian_manifolds.parametrized_surface3d": {"walltime": 16},
  "sage.graphs.connectivity": {"walltime": 8},
  "sage.graphs.generators.classical_geometries": {"walltime": 8},
  "sage.graphs.generators.distance_regular": {"walltime": 32},
  "sage.graphs.generators.smallgraphs": {"walltime": 8},
  "sage.graphs.generic_graph": {"walltime": 16},
  "sage.graphs.graph": {"walltime": 16},
  "sage.graphs.graph_list": {"walltime": 8},
  "sage.graphs.graph_plot": {"walltime": 8},
  "sage.graphs.strongly_regular_db": {"walltime": 8},
  "sage.groups.cactus_group": {"walltime": 8},
  "sage.groups.cubic_braid": {"walltime": 8},
  "sage.groups.lie_gps.nilpotent_lie_group": {"walltime": 8},
  "sage.groups.matrix_gps.finitely_generated_gap": {"walltime": 8},
  "sage.groups.perm_gps.permgroup": {"walltime": 8},
  "sage.groups.perm_gps.permgroup_named": {"walltime": 8},
  "sage.homology.homology_vector_space_with_basis": {"walltime": 8},
  "sage.interfaces.gap": {"walltime": 8},
  "sage.interfaces.gap_workspace": {"walltime": 8},
  "sage.interfaces.sage0": {"walltime": 16},
  "sage.libs.eclib.interface": {"walltime": 32},
  "sage.libs.eclib.mwrank": {"walltime": 16},
  "sage.manifolds.catalog": {"walltime": 8},
  "sage.manifolds.chart": {"walltime": 16},
  "sage.manifolds.chart_func": {"walltime": 8},
  "sage.manifolds.continuous_map": {"walltime": 8},
  "sage.manifolds.differentiable.affine_connection": {"walltime": 32},
  "sage.manifolds.differentiable.automorphismfield": {"walltime": 32},
  "sage.manifolds.differentiable.bundle_connection": {"walltime": 8},
  "sage.manifolds.differentiable.characteristic_cohomology_class": {"walltime": 8},
  "sage.manifolds.differentiable.curve": {"walltime": 16},
  "sage.manifolds.differentiable.degenerate": {"walltime": 16},
  "sage.manifolds.differentiable.degenerate_submanifold": {"walltime": 8},
  "sage.manifolds.differentiable.diff_form": {"walltime": 32},
  "sage.manifolds.differentiable.diff_map": {"walltime": 8},
  "sage.manifolds.differentiable.examples.euclidean": {"walltime": 32},
  "sage.manifolds.differentiable.examples.sphere": {"walltime": 32},
  "sage.manifolds.differentiable.integrated_curve": {"walltime": 32},
  "sage.manifolds.differentiable.levi_civita_connection": {"walltime": 16},
  "sage.manifolds.differentiable.manifold": {"walltime": 8},
  "sage.manifolds.differentiable.manifold_homset": {"walltime": 8},
  "sage.manifolds.differentiable.metric": {"walltime": 64},
  "sage.manifolds.differentiable.mixed_form": {"walltime": 16},
  "sage.manifolds.differentiable.multivectorfield": {"walltime": 64},
  "sage.manifolds.differentiable.pseudo_riemannian": {"walltime": 8},
  "sage.manifolds.differentiable.pseudo_riemannian_submanifold": {"walltime": 32},
  "sage.manifolds.differentiable.scalarfield": {"walltime": 8},
  "sage.manifolds.differentiable.scalarfield_algebra": {"walltime": 8},
  "sage.manifolds.differentiable.tangent_vector": {"walltime": 8},
  "sage.manifolds.differentiable.tensorfield": {"walltime": 128},
  "sage.manifolds.differentiable.tensorfield_paral": {"walltime": 16},
  "sage.manifolds.differentiable.vectorfield": {"walltime": 16},
  "sage.manifolds.point": {"walltime": 16},
  "sage.manifolds.scalarfield": {"walltime": 16},
  "sage.manifolds.section": {"walltime": 16},
  "sage.matrix.matrix2": {"walltime": 16},
  "sage.matrix.matrix_rational_dense": {"walltime": 8},
  "sage.matrix.special": {"walltime": 8},
  "sage.misc.cachefunc": {"walltime": 16},
  "sage.misc.functional": {"walltime": 8},
  "sage.misc.randstate": {"walltime": 16},
  "sage.misc.sagedoc": {"walltime": 16},
  "sage.misc.sageinspect": {"walltime": 16},
  "sage.misc.trace": {"walltime": 8},
  "sage.modular.abvar.abvar": {"walltime": 8},
  "sage.modular.abvar.homspace": {"walltime": 8},
  "sage.modular.btquotients.btquotient": {"walltime": 8},
  "sage.modular.btquotients.pautomorphicform": {"walltime": 16},
  "sage.modular.hecke.submodule": {"walltime": 8},
  "sage.modular.hypergeometric_motive": {"walltime": 8},
  "sage.modular.local_comp.local_comp": {"walltime": 16},
  "sage.modular.local_comp.type_space": {"walltime": 8},
  "sage.modular.modform.element": {"walltime": 32},
  "sage.modular.modform_hecketriangle.abstract_space": {"walltime": 16},
  "sage.modular.modform_hecketriangle.graded_ring_element": {"walltime": 16},
  "sage.modular.modform_hecketriangle.hecke_triangle_group_element": {"walltime": 32},
  "sage.modular.modform_hecketriangle.readme": {"walltime": 16},
  "sage.modular.modsym.ambient": {"walltime": 16},
  "sage.modular.modsym.space": {"walltime": 8},
  "sage.modular.overconvergent.genus0": {"walltime": 8},
  "sage.modular.pollack_stevens.modsym": {"walltime": 8},
  "sage.modules.fp_graded.morphism": {"walltime": 8},
  "sage.modules.free_module": {"walltime": 8},
  "sage.parallel.map_reduce": {"walltime": 8},
  "sage.plot.complex_plot": {"walltime": 16},
  "sage.plot.contour_plot": {"walltime": 32},
  "sage.plot.graphics": {"walltime": 32},
  "sage.plot.line": {"walltime": 8},
  "sage.plot.matrix_plot": {"walltime": 16},
  "sage.plot.multigraphics": {"walltime": 16},
  "sage.plot.plot": {"walltime": 64},
  "sage.plot.plot3d.base": {"walltime": 8},
  "sage.plot.plot3d.implicit_plot3d": {"walltime": 16},
  "sage.plot.plot3d.parametric_plot3d": {"walltime": 16},
  "sage.plot.plot3d.parametric_surface": {"walltime": 8},
  "sage.plot.plot3d.plot3d": {"walltime": 16},
  "sage.plot.point": {"walltime": 8},
  "sage.plot.polygon": {"walltime": 8},
  "sage.plot.streamline_plot": {"walltime": 8},
  "sage.repl.ipython_extension": {"walltime": 8},
  "sage.rings.asymptotic.asymptotic_expansion_generators": {"walltime": 16},
  "sage.rings.asymptotic.asymptotic_ring": {"walltime": 8},
  "sage.rings.asymptotic.asymptotics_multivariate_generating_functions": {"walltime": 8},
  "sage.rings.finite_rings.finite_field_base": {"walltime": 8},
  "sage.rings.function_field.function_field": {"walltime": 8},
  "sage.rings.function_field.ideal": {"walltime": 8},
  "sage.rings.lazy_series": {"walltime": 8},
  "sage.rings.lazy_series_ring": {"walltime": 32},
  "sage.rings.number_field.number_field": {"walltime": 32},
  "sage.rings.number_field.number_field_element": {"walltime": 8},
  "sage.rings.padics.padic_base_leaves": {"walltime": 8},
  "sage.rings.padics.padic_generic_element": {"walltime": 8},
  "sage.rings.polynomial.multi_polynomial_ideal": {"walltime": 8},
  "sage.rings.polynomial.polynomial_element": {"walltime": 16},
  "sage.rings.qqbar": {"walltime": 16},
  "sage.sandpiles.sandpile": {"walltime": 8},
  "sage.schemes.curves.affine_curve": {"walltime": 16},
  "sage.schemes.curves.closed_point": {"walltime": 8},
  "sage.schemes.curves.projective_curve": {"walltime": 32},
  "sage.schemes.elliptic_curves.BSD": {"walltime": 8},
  "sage.schemes.elliptic_curves.Qcurves": {"walltime": 8},
  "sage.schemes.elliptic_curves.ell_curve_isogeny": {"walltime": 8},
  "sage.schemes.elliptic_curves.ell_generic": {"walltime": 8},
  "sage.schemes.elliptic_curves.ell_modular_symbols": {"walltime": 8},
  "sage.schemes.elliptic_curves.ell_point": {"walltime": 8},
  "sage.schemes.elliptic_curves.ell_rational_field": {"walltime": 32},
  "sage.schemes.elliptic_curves.height": {"walltime": 8},
  "sage.schemes.elliptic_curves.isogeny_small_degree": {"walltime": 16},
  "sage.schemes.elliptic_curves.mod_sym_num": {"walltime": 8},
  "sage.schemes.elliptic_curves.padic_lseries": {"walltime": 8},
  "sage.schemes.elliptic_curves.padics": {"walltime": 8},
  "sage.schemes.elliptic_curves.sha_tate": {"walltime": 16},
  "sage.schemes.hyperelliptic_curves.hyperelliptic_padic_field": {"walltime": 16},
  "sage.schemes.riemann_surfaces.riemann_surface": {"walltime": 32},
  "sage.schemes.toric.chow_group": {"walltime": 8},
  "sage.structure.element": {"walltime": 16},
  "sage.symbolic.expression": {"walltime": 32},
  "sage.symbolic.integration.integral": {"walltime": 16},
  "sage.symbolic.relation": {"walltime": 8},
  "sage.tests.book_schilling_zabrocki_kschur_primer": {"walltime": 16},
  "sage.tests.book_stein_ent": {"walltime": 8},
  "sage.topology.simplicial_complex": {"walltime": 16}
}
